first_name,last_name,email,child_first_name,child_last_name
Brady,Senger,berniecelowe@wisozk.name,Lekisha,Dickinson
Andrea,Bergnaum,keturah@swaniawskiward.net,Marguerite,Roberts
Morris,Bashirian,walter@leschprice.org,Milo,Stokes
Syble,Ruecker,letagrant@murazik.net,Hettie,Turner
Octavio,Klocko,esther@donnellyhermiston.biz,Everette,Towne
Chastity,Hermann,joelbechtelar@mcclure.name,Kathie,Casper
Reggie,Ward,christoperparker@hoeger.org,Stephen,Krajcik
Ivan,Wilderman,monniekihn@stoltenberg.info,Gerry,Aufderhar
Solomon,Kertzmann,wilford@barrows.biz,Buck,Mante
Jona,Jast,conradgoodwin@johnston.info,Shala,Zboncak
